{
  "name": "Steps",
  "form": "ff88be86-37db-4f75-badd-a8e6d42d1b02",
  "blocks": [
    {
      "id": "b02e6cf9-759d-4638-a93c-82898336e468",
      "endpoint": "Loggly",
      "label": "Loggly - Retrieve Data",
      "environment": "HOSTED",
      "presentation": "{\"w\":60,\"x\":832,\"h\":60,\"y\":289}",
      "step": "852728b9-1b68-4566-a85a-13793fff45f8",
      "stepType": "SCRIPT_STEP",
      "inputMappings": [
        {
          "inputPort": "input",
          "mapping": "*",
          "stepInput": "2dfec717-5581-4bcc-8f8d-a07535fd8e4e"
        }
      ]
    },
    {
      "id": "2e8162c1-6cbc-4b8f-a40d-22e6d38c051c",
      "endpoint": "Loggly Log",
      "label": "Loggly - Send Data",
      "environment": "HOSTED",
      "presentation": "{\"w\":60,\"x\":835,\"h\":60,\"y\":446}",
      "step": "da0ba71f-acfa-40d2-8e42-52be9451cbaa",
      "stepType": "SCRIPT_STEP",
      "inputMappings": [
        {
          "inputPort": "input",
          "mapping": "${constants.Loggly Customer Token}",
          "stepInput": "070499ca-69f1-425c-a3d3-a0e27d6a6411"
        }
      ]
    }
  ]
}