{
  "integrations": [],
  "endpoints": [
    {
      "name": "Loggly",
      "baseUrl": "https://account.loggly.com",
      "type": "EXTERNAL",
      "authentication": "BASIC"
    },
    {
      "name": "Loggly Log",
      "baseUrl": "https://logs-01.loggly.com",
      "type": "EXTERNAL",
      "authentication": "NO_AUTH"
    }
  ],
  "constants": [
    {
      "name": "Loggly Customer Token",
      "value": "<customer token>",
      "description": "Customer token, not the API token."
    }
  ]
}