[
  {
    "id": "852728b9-1b68-4566-a85a-13793fff45f8",
    "name": "Loggly - Retrieve Data",
    "description": "",
    "icon": "https://s3-xmatters-static.s3.amazonaws.com/null/customers/aa4ff4cd-06da-460c-b2d0-bb34ad66da69/IMAGE__20200529195746527__appoptics.png",
    "script": "var path = '/apiv2/search?query=' + input['query'];\nif (input['from'] !== undefined) {\n    path += '&from=' + input['from'];\n}\nif (input['until'] !== undefined) {\n    path += '&until=' + input['until'];\n}\nif (input['order'] !== undefined) {\n    path += '&order=' + input['order'];\n}\nif (input['size'] !== undefined) {\n    path += '&size=' + input['size'];\n}\n\nvar apiRequest = http.request({\n    'endpoint': 'Loggly',\n    'path': path,\n    'method': 'GET'\n});\n\nvar apiResponse = apiRequest.write();\n\nif (apiResponse.statusCode < 200 || apiResponse.statusCode >= 300) {\n    throw apiResponse.statusCode + \" \" + apiResponse.statusMessage;\n}\n\nvar responseBody = JSON.parse(apiResponse.body);\n\nvar id = responseBody.rsid.id;\n\napiRequest = http.request({\n    'endpoint': 'Loggly',\n    'path': '/apiv2/events?rsid=' + id,\n    'method': 'GET'\n});\n\napiResponse = apiRequest.write();\n\nif (apiResponse.statusCode < 200 || apiResponse.statusCode >= 300) {\n    throw apiResponse.statusCode + \" \" + apiResponse.statusMessage;\n}\n\nresponseBody = JSON.parse(apiResponse.body);\n\nvar events = responseBody.events;\nvar eventsOut = \"\";\nvar to = 1;\n\n// Limit events to 20k chars\nwhile (to <= events.length) {\n    str = JSON.stringify(events.slice(0, to));\n    if (str.length > 20000) {\n        break;\n    }\n    eventsOut = events.slice(0, to);\n    to += 1;\n}\n\noutput['events'] = eventsOut;",
    "endpointAuthType": "BASIC",
    "endpointLabel": "Loggly",
    "allowedEnvironment": "HOSTED",
    "accessibleByAll": "NotShared",
    "scriptStepType": "USER",
    "inputs": [
      {
        "id": "2dfec717-5581-4bcc-8f8d-a07535fd8e4e",
        "name": "query",
        "helpText": "query string for searching. \"*\" returns everything. look here for more information: https://documentation.solarwinds.com/en/Success_Center/loggly/Content/admin/search-query-language.htm",
        "defaultValue": "",
        "multiline": false,
        "required": true,
        "maxLength": 2000,
        "minLength": 0,
        "position": 0
      },
      {
        "id": "0808739f-5216-4cb8-98c7-b9757ca471e5",
        "name": "from",
        "helpText": "Start time for the search. Defaults to “-24h”. For more information look here https://documentation.solarwinds.com/en/Success_Center/loggly/Content/admin/search-query-language.htm#time",
        "multiline": false,
        "required": false,
        "maxLength": 2000,
        "minLength": 0,
        "position": 1
      },
      {
        "id": "9d676ff4-72f5-4f7f-947f-22ad70f10651",
        "name": "until",
        "helpText": "End time for the search. Defaults to “now”. More info: https://documentation.solarwinds.com/en/Success_Center/loggly/Content/admin/search-query-language.htm#time",
        "defaultValue": "",
        "multiline": false,
        "required": false,
        "maxLength": 2000,
        "minLength": 0,
        "position": 2
      },
      {
        "id": "b462a221-0cc6-463b-8088-ca45c4c94a17",
        "name": "order",
        "helpText": "Direction of results returned, either “asc” or “desc”. Defaults to “desc”.",
        "defaultValue": "",
        "multiline": false,
        "required": false,
        "maxLength": 4,
        "minLength": 0,
        "position": 3
      },
      {
        "id": "679d6213-dc0c-4512-96cb-e1ca4e33eeb4",
        "name": "size",
        "helpText": "Number of events to retrieve when calling the events endpoint for a given RSID. Results will be limited to 20000 characters.",
        "multiline": false,
        "required": false,
        "maxLength": 2000,
        "minLength": 0,
        "position": 4
      }
    ],
    "outputs": [
      {
        "id": "9f67e742-edd6-40d4-89e4-e4c7041d3218",
        "name": "events",
        "position": 0
      }
    ],
    "libraries": []
  },
  {
    "id": "da0ba71f-acfa-40d2-8e42-52be9451cbaa",
    "name": "Loggly - Send Data",
    "description": "",
    "icon": "https://s3-xmatters-static.s3.amazonaws.com/null/customers/aa4ff4cd-06da-460c-b2d0-bb34ad66da69/IMAGE__20200529195746527__appoptics.png",
    "script": "var token = input['Token'];\n\nvar apiRequest = http.request({\n    'endpoint': 'Loggly',\n    'path': '/inputs/' + token + '/tag/html/',\n    'method': 'POST'\n});\n\nvar apiResponse = apiRequest.write(input['Data']);\n\nif (apiResponse.statusCode >= 200 && apiResponse.statusCode < 300) {\n    var responseBody = JSON.parse(apiResponse.body);\n} else {\n    throw \"Unable to send data\"\n}\n",
    "endpointAuthType": "NO_AUTH",
    "endpointLabel": "Loggly",
    "allowedEnvironment": "HOSTED",
    "accessibleByAll": "NotShared",
    "scriptStepType": "USER",
    "inputs": [
      {
        "id": "070499ca-69f1-425c-a3d3-a0e27d6a6411",
        "name": "Token",
        "helpText": "Customer token from Loggly.",
        "defaultValue": "",
        "multiline": false,
        "required": true,
        "maxLength": 2000,
        "minLength": 0,
        "position": 0
      },
      {
        "id": "f3d7fa64-bf52-4981-9601-fc6168a4f961",
        "name": "Data",
        "helpText": "Data to send to logs.",
        "defaultValue": "",
        "multiline": false,
        "required": true,
        "maxLength": 20000,
        "minLength": 0,
        "position": 1
      }
    ],
    "outputs": [],
    "libraries": []
  }
]